1563888283341,72-2,,
4549336387295,,,
4906030258649,,,
4549336387226,,,
4056565134953,,,
4057282397621,,,
4056565134953,,,
4056565134953,,,
4056565134953,,,
4056565134953,,,
4056565134953,,,
4056565134953,,,
4056559031909,,,
4056565134953,,,
4056565139255,,,
4055341279789,,,
4056559027452,,,
4056565139217,,,
4057282367808,,,
4056565139231,,,
4055341288477,,,
4055341288347,,,
4056565139217,,,
4057282393500,,,
4056565139217,,,
4056565139217,,,
4055341284219,,,
4057282389312,,,
4056559023096,,,
4056565100521,,,
4056565100484,,,
4056565100507,,,
4057283605787,,,
4057282360533,,,
4055341413541,,,
4057283588608,,,
4057282367730,,,
4057283778368,,,
4055341413541,,,
4056565100514,,,
4057282397607,,,
4055341279741,,,
,,,
4549845742585,72-3,,
4549845742585,,,
4549845742585,,,
4549845742585,,,
4549845742387,,,
4549845742387,,,
4549845742585,,,
4549845742561,,,
4549845742707,,,
4549845742707,,,
4549845742707,,,
4549845742707,,,
4549845742707,,,
4549845742707,,,
4549845742691,,,
4549845742691,,,
4549845742691,,,
4549845742691,,,
4549845742691,,,
4549845742691,,,
4549845742691,,,
4549845742691,,,
4549845742691,,,
4549845742691,,,
4549604869515,,,
4549845742363,,,
4549845742363,,,
4549845742363,,,
4549604873659,,,
4549604873659,,,
4549604869287,,,
4549604869287,,,
,,,
4549845742417,72-4,,
4052001424619,,,
4052001499846,,,
4052001499846,,,
4549845742585,,,
4549845742387,,,
4549845742561,,,
4549845742561,,,
4548871979828,,,
4548871790003,,,
4548871789816,,,
4548871787492,,,
4549842121024,,,
4548871789779,,,
4548871789939,,,
4548871787317,,,
4548871979644,,,
4548871787300,,,
4548871692598,,,
4548871787287,,,
4548871979583,,,
4548871979583,,,
4548871789977,,,
4548871820847,,,
4548871789977,,,
4548871789977,,,
4548871787263,,,
4548871789960,,,
4548871789946,,,
4548871787263,,,
4548871787423,,,
4548871787256,,,
4548871787256,,,
4548871786204,,,
4548871787515,,,
4548871786297,,,
4548871979774,,,
4548871789786,,,
4548871789939,,,
4548871979729,,,
4548871787584,,,
4548871787287,,,
4548871787065,,,
4548871787263,,,
4052001499860,,,
4052001426514,,,
,,,
4582136316249,71-2,21,
4562130114836,,4,
4562130114812,,6,
4562130112047,,5,
4562130112030,,15,
,,,
4582136316232,71-3,10,
4582136316751,,15,
4562130112016,,5,
4582136317703,,3,
4582136316256,,14,
4582136316263,,7,
4582136317499,,2,
4549508404881,,,
4549508404898,,,
4549508404874,,2,
4549508463956,,5,
4549508437964,,,
,,,
4582136317710,71-4,9,
4582136317697,,3,
4582136317680,,2,
4562130113730,,,
4562130123975,,,
4562130119732,,,
4562130119626,,,
4562130116106,,,
4562130121643,,,
4562130121681,,,
4562130121599,,,
4582136303768,,4,
4562130111989,,20,
4582136303775,,10,
4562130119633,,,
4580130253874,,,
4904121307054,,27,
4967989002387,,91,
,,,
4903111221271,61-1,,
4540323010332,,,
4540323010332,,,
4903449005598,,,
4540323010363,,,
1102130045407,,  ,月亮枕头
4984596144330,,16,
4903449125128,,,
4055341731409,61-2,,
4056565669721,,,
4056565942053,,,
4055342221589,,,
4056565942053,,,
4056565665594,,,
4056565669721,,,
4055342233384,,,
4056565665433,,,
4057286484914,,,
4055342221589,,,
4056565946167,,,
4055342091373,,,
4055342269499,,,
4055341727211,,,
4056563772652,,,
4055342272451,,,
4056563772683,,,
4056563772690,,,
4055342233384,,,
4903111221271,,,
4901301259738,,,
4901301320117,,,
4901301259721,,,
4901301320117,,,
4901301259721,,,
,,,
4054067760250,61-3,,
4054067760250,,,
4054067760250,,,
4054067760267,,,
4055012256057,,,
4055341463737,,,
4054075306198,,,
4055341463737,,,
4054075324833,,,
4054067760250,,,
4054067760250,,,
4055012277984,,,
4054075324871,,,
4054714105083,,,
4054075324772,,,
4055341355551,,,
4054067760267,,,
4054067760267,,,
4054067760267,,,
4054067760267,,,
4055012256026,,,
4055012278073,,,
4055012256002,,,
4055017595618,,,
4055017595687,,,
4054067760267,,,
4054067760267,,,
4055012260313,,,
4054075324833,,,
4055017418108,,,
4054067760250,,,
4544742914394,,12,
4544742914400,,,
4537988101406,,18,
4537988101390,,20,
4902508083423,,11,
4902508083508,,7,
4987244182470,,3,
4902508210096,,10,
4905426147239,,,
4977554512128,,,
4971404312593,,,
,,,
4549766804928,61-4,,
4549766804928,,,
4549766804928,,,
4549766804911,,,
4549766804935,,,
4549766804935,,,
4549766804607,,,
4549766804584,,,
4549766923445,,,
4549766923445,,,
4549766819793,,,
4549766092127,,,
2200052550760,,,
4549766804768,,,
4548343150366,,,
4549766090550,,,
4549766229776,,,
4549766804768,,,
4549766804737,,,
4549766804690,,,
4549766804737,,,
6040106076565,,,
6040106076589,,,
6040106076565,,,
6040106076589,,,
6040106076565,,,
4549766819649,,,
4988338221358,,2,
4988338222034,,,
4549077459541,,,
4571414679817,,,
4980862319532,,,
4549738387602,,,
4903111467938,,3,
4547441901962,,,
4547441901948,,,
4547441880878,,,
4547441880878,,,
4549077133861,,,
4547441880878,,,
4902424430288,,,
4901301273659,,,
4902424430288,,,
4902424430288,,,
4969133047701,,2,
,,,
4975201175528,61-5,,
4975201175528,,,
4975201175528,,,
4975201175528,,,
4971404308466,,6,
4971404310551,,,
4979750795183,,,
4979750793417,,,
4967989002509,,24,
4549766804607,,,
4549766804928,,,
4548343235438,,,
,,,
4549604853323,62-1,,
4549604868693,,,
4549604881388,,,
4549845741373,,,
4549845741373,,,
4549845741373,,,
4549845741373,,,
4549845741373,,,
4549845741373,,,
4549845741373,,,
4549845741373,,,
4549845742523,,,
4549845742523,,,
4549845742523,,,
4549845742387,,,
4549845742387,,,
4549845742387,,,
4549845742387,,,
4549845742387,,,
,,,
4055342091373,62-2,,
4055342091373,,,
4055342091373,,,
4055342091373,,,
4055342091342,,,
4055342091298,,,
4055342091298,,,
4055342091298,,,
4055342091373,,,
4055342091373,,,
4055341701372,,,
4055341731423,,,
4055342091342,,,
4055342233483,,,
4055341727174,,,
4055341731423,,,
4056565665662,,,
4055342269505,,,
4055342095531,,,
4055342095531,,,
4055341727167,,,
4055342091373,,,
4055342091373,,,
4056564030638,,,
4055342091342,,,
4056565356249,,,
4055342235739,,,
4055342221398,,,
4055341701372,,,
4055342233384,,,
4055342221442,,,
4055342095531,,,
4549604866866,,,
4549605489385,,,
4055342095531,,,
4055342095531,,,
4056565309184,,,
4055341731348,,,
,,,
4549845741328,62-3,,
4549845742196,,,
4056565134991,,,
4057282360496,,,
4056565668281,,,
4056565668328,,,
4057282393609,,,
4057282360397,,,
4057282380609,,,
4056565668311,,,
4056565668281,,,
4057282367730,,,
4056565134984,,,
4056565668311,,,
4056565100538,,,
4055341279765,,,
4057283784864,,,
4055341279772,,,
4055013750882,,,
4055341344494,,,
4055341413602,,,
4057283751798,,,
4055013751063,,,
4055341344548,,,
4056565134991,,,
4055341279772,,,
4055341279772,,,
4055341413626,,,
4056565100514,,,
4055341279772,,,
4056565134991,,,
4056565134991,,,
4549845742561,,,
4056565100507,,,
4056565100507,,,
4055341288477,,,
4056565139217,,,
4057282397560,,,
4057282397690,,,
4057282397638,,,
4056565100514,,,
4056565139217,,,
4056565139217,,,
4056565100514,,,
4056565134946,,,
4056565139217,,,
4057282380609,,,
4057282401892,,,
4056565100514,,,
4056565100484,,,
,,,
4549845742387,62-4,,
4549604869508,,,
4549845742561,,,
4549845742721,,,
4549845742165,,,
4549604869508,,,
4549604866866,,,
4549845742387,,,
4549845742578,,,
4549845742714,,,
4549845742547,,,
4549604866897,,,
4549845729418,,,
4549845730674,,,
4549604869508,,,
4549845742431,,,
4549845742578,,,
4549845742615,,,
4549845742547,,,
4549845742721,,,
4549845742721,,,
4549845742721,,,
4549845742721,,,
4549845742387,,,
4549845742387,,,
4549845742585,,,
4549845742417,,,
4549845742417,,,
4549845742417,,,
4549845742387,,,
4549845742417,,,
,,,
4056565134984,62-5,,
4056565134991,,,
4056565100507,,,
4055341383301,,,
4056565109173,,,
4056565109173,,,
4056565100538,,,
4056565100514,,,
4056565100514,,,
4056565100521,,,
4056565100507,,,
4056565100538,,,
4056565100507,,,
4056565100521,,,
4056565100507,,,
4056565100538,,,
4056565100538,,,
4056565100521,,,
4056565100521,,,
4056565100521,,,
4056565100514,,,
4056565100521,,,
4056565100521,,,
4056565100538,,,
4056565100538,,,
4056565100538,,,
4056565100521,,,
4056565100514,,,
4056565100514,,,
4056565100514,,,
4056565100491,,,
4056565100491,,,
4057282367730,,,
4056565100507,,,
4056565152346,,,
4055341279789,,,
4058027517311,,,
4051935079360,,,
4056565100507,,,
4057282380517,,,
4056565100538,,,
,,,
4904710416181,52-1,40,
4904710416167,,20,
4960664688869,,21,
4562344353007,52-2,,
4977453201024,,20,
4963507679598,,,
1700888161808,,,
4963507679604,,,
4963507679529,,,
4963507679604,,,
4055339565245,,,
4055339565245,,,
4055339565238,,,
4055339565238,,,
4100865901705,,,
4100865601650,,,
4100865901507,,,
4100865701657,,,
4100865602251,,,
4100865902108,,,
4100865602008,,,
4100866002050,,,
4100865701909,,,
4100865901958,,,
4100866002005,,,
4100865901958,,,
4100866002203,,,
4100865701909,,,
4973307212680,,10,
4973307210655,,1,
4973307336942,,12,
4973307256455,,7,
4960664688869,,6,
4904121307016,,10,
4987009157019,,5,
4987009156791,,,
4987009156807,,19,
4987067401901,,2,
4987067402502,,21,
,,,
4971404312951,52-3,3,
4971404309968,,,
4971404310018,,,
4971404313040,,,
4971404312951,,,
4971404309982,,,
4971404309982,,,
4964594710799,,,
4964594710805,,,
4964594710805,,,
4964594710805,,,
4964594710768,,,
4987072078501,,12,
4901301327826,,12,
4903320482272,,,
4903320482289,,,
4901301239860,,,
4901301239846,,,
4903320482272,,,
4903320482272,,,
4903320482272,,,
4902011731620,,,
4902011731620,,,
4901301262790,,20,
4973655201329,,,
4954835134378,,7,
4954835290142,,17,
4954835134378,,10,
4954835134361,,3,
4954835134385,,4,
4987084410443,,140,
4987084410450,,236,
4974305211811,,53,
4974305209726,,3,
4974305213266,,,
4974305209023,,2,
4974305209047,,,
4974305211071,,,
4974305210982,,,
4974305211057,,,
4974305211729,,,
4974305209221,,,
4974305209221,,,
4974305209221,,,
4974305209221,,,
4974305209221,,,
4974305211743,,,
4974305211743,,,
4974305211743,,,
4974305211743,,,
4974305211743,,,
4974305211743,,,
4974305211880,,,
4974305211880,,,
4974305211880,,,
4974305211828,,,
4974305211828,,,
4974305209054,,,
4974305209269,,,
4974305209269,,,
4974305209054,,,
4974305208187,,8,
4974305211088,,3,
4974305210326,,,
4974305213884,,,
4974305213891,,,
4974305215185,,,
4974305207210,,,
4974305207210,,,
4974305211736,,14,
,,,
4973307292231,52-5,,
4974305213891,,,
4580244695003,,,
4580244695003,,,
4973307293184,,,
4973307330940,,,
4580244695065,,,
4580244695065,,,
4580244683024,,,
4580244680962,,,
4580244680962,,,
4580244691319,,,
4562344352314,,2,
4562344354158,,,
4580244699018,,,
4984013943454,,,
4562344352321,,,
4562344354110,,2,
4562344354127,,,
4562344354127,,,
4562344354127,,,
4562344354134,,,
4562344354134,,,
4562344353953,,,
4562344354110,,,
4562344354110,,,
4562344354110,,,
4548239136900,,,
4580244691333,,,
4580244698714,,,
4562344352383,,,
4580244698707,,,
4975373035774,,,
4975373035811,,,
4975373035811,,,
4975373035774,,,
4975373035811,,,
4975373035897,,,
4975373035897,,,
4975373035811,,,
4975373035880,,,
4975373035880,,,
4975373035880,,,
4975373035828,,,
4975373035767,,,
4975373035767,,,
4975373035767,,,
4975373035828,,,
4975373035828,,,
4975373035828,,,
4975373035781,,5,
4975373035804,,5,
4975373035774,,5,
4975373035828,,5,
4905382500260,,,
4902508121255,,,
4902508120340,,,
4902508121255,,,
4902508121255,,,
4987244135216,,,
4971032881157,,,
4549473175960,,,
4549473175977,,,
4549473175977,,,
4549473175960,,,
4549473175977,,,
4549473175977,,,
4549473175960,,,
4549473175977,,,
4549473175960,,,
4549473175960,,,
4549473172815,,,
4548489768432,,,
4901301307040,,,
4901301307040,,,
4549707059271,,,
4549707059271,,,
4549707059271,,,
4549707059271,,,
4549707059271,,,
4549707059288,,,
,,,
886912452874,51-2,,
886912452874,,,
886912453154,,,
886912453154,,,
886912452874,,,
886912453154,,,
886912453031,,,
886912453031,,,
886912453154,,,
885178585906,,,
886912453215,,,
885178585500,,,
886912452966,,,
885178585500,,,
885259564493,,,
885259563137,,,
886912453215,,,
886912453215,,,
886912452928,,,
886912452966,,,
885178585906,,,
886912452966,,,
885259564493,,,
885178585906,,,
885178585906,,,
885178585500,,,
885259564493,,,
888507244024,,,
888507244024,,,
888507242273,,,
888507244024,,,
886912453192,,,
885178585876,,,
886912453215,,,
886912452966,,,
886912453192,,,
886912452942,,,
886912453192,,,
886912453192,,,
886912453192,,,
885259563137,,,
886912452928,,,
886912452928,,,
885178585500,,,
885178585906,,,
885178582912,,,
886912453055,,,
888507244024,,,
886912452942,,,
886912452942,,,
886912452942,,,
886912452942,,,
886912452942,,,
886912452942,,,
885259558041,,,
886912453130,,,
886912452911,,,
886912453130,,,
885259558041,,,
885259558041,,,
885259558041,,,
886912452904,,,
886912452904,,,
886912452904,,,
886912452904,,,
886912453048,,,
885259558041,,,
885259558041,,,
885178583506,,,
886912453130,,,
886912453130,,,
885259558041,,,
885179166913,,,
885179166913,,,
885179166913,,,
886912452874,,,
886912453116,,,
885178582684,,,
885178582684,,,
886912452904,,,
886912452904,,,
4549473163219,,,
885179166913,,,
885179166913,,,
885179166913,,,
883418911362,,,
885179166913,,,
885178584831,,,
888507252616,,,
4549473163127,,,
4549473130143,,,
,,,
4907902005125,51-3,,
4907902005125,,,
4901872166299,,,
4968909061200,,,
4511413305478,,,
4571372470099,,,
4904551207047,,,
4904551207023,,,
4904551237013,,,
4904551237037,,,
4548076448341,,,
4548076446576,,,
4548076446576,,,
4901872220106,,9,
4548076448372,,3,
4582267391443,,,
4582267391443,,,
4582267391450,,2,
4901301036155,,,
4987084410979,,30,
4987426113612,,3,
4901872441334,,,
8806185733670,,,
4987049210255,,,
4560202020665,,,
4987084411983,,10,
4987167059101,,2,
4987167007263,,12,
4987167059101,,9,
4972422030100,,6,
4987067463701,,1,
4972422030087,,,
4972422030087,,,
4987067463701,,,
4972422030537,,,
4972422030414,,4,
4972422030544,,,
4972422030094,,5,
4905179107160,,,
4905179782886,,,
4562226251452,,,
4987241135011,,,
4524734124192,,3,
4524734111468,,9,
4524734124406,,,
4524734123294,,,
4524734111475,,,
4524734122457,,,
4524734122457,,,
4524734121566,,,
4524734121566,,,
4987030197893,,,
,,,
4901020033220,51-4,,
4901020033237,,,
4901020033237,,,
4901020033237,,,
4901020033671,,,
4901020034623,,,
4901020033121,,,
4901020033121,,,
4901020033121,,,
4901020033121,,,
4901020033121,,,
4901020033121,,,
4901020033121,,,
4901020033121,,,
4901020033121,,,
4901020033688,,,
4901020033688,,,
4901020033688,,,
4901020033688,,,
oggi,,12,
coach ,,22,
4549730233624,,,
4549730234270,,,
4946591804565,,,
4946591804565,,,
4946591804909,,,
4946591804596,,,
4946591804893,,,
4946591804893,,,
4946591804923,,,
4946591804596,,,
4946591804909,,,
4946591804909,,,
4946591804909,,,
4946591804909,,,
4946591804893,,,
4549730233617,,,
4946591804909,,,
4946591805005,,,
4946591804909,,,
4946591804909,,,
4946591804923,,,
4946591804923,,,
4946591804565,,,
4902430523547,,18,
4903111220793,,4,
,,,
4580244691937,42-2 12-2,344,
4580244691920,"90-2,42-5b",138,
4977489015527,42-3,,
4977489019648,,,
4902508161732,,,
4902508007481,,,
4973655938669,,,
4957394845150,,,
4971032870083,,,
4971032870083,,,
4971032842363,,,
4971032842363,,,
4971032842363,,,
4971032842363,,,
4971032950594,,,
4971032855080,,,
4971032855080,,,
4971032855066,,,
4971032855035,,,
4971032855035,,,
4902508040327,,,
4905179851872,,,
4905179851896,,,
4905179144479,,,
4905179794599,,,
4905179794605,,,
4905179794605,,,
4582267394628,,,洗发水套装
4902508003667,,,
4902508003421,,,
4902508003469,,,
4902508003483,,,
4903320158009,,,
4902508003506,,,
4902508003469,,,
4902508003537,,,
4902508003414,,,
4902508003537,,,
4902508003537,,,
4902508003537,,,
4902508003537,,4,
4902508003506,,,
4902508102315,,,
4903301176619,,,
4902508133067,,,
4902508133012,,,
4902508133012,,,
4902508083737,,,
4902508083737,,,
4902508133012,,,
4902508083737,,,
4902508083737,,,
4902508083737,,,
4902508083744,,,
4902508011242,,,
4902508011372,,,
4902508011372,,,
4902508011372,,,
4902508011242,,,
4902508011358,,,
4902508011372,,,
4902508011372,,,
4902508011242,,,
4902508011389,,,
4993717336936,,,
4902508083515,,,
4902508180634,,,
4902508083751,,,
4902508083751,,,
4530025011287,,,
4987244174154,,,
4987244174154,,,
4987244174147,,,
4993717336936,,,
4902508083706,,,
4902508083706,,,
4902508070546,,14,
4902508083805,,,
4971032746029,,5,
4971032727035,,8,
4582437130087,,5,
4524989000074,,5,
4988760009463,,11,
4901696535578,,14,
4901696533901,,13,
4901696533918,,15,
4901696534922,,11,
,,,
4530025010006,42-4,13,
4530025010037,,,
4530025011805,,,
4530025011805,,,
4530025011799,,,
4530025011805,,,
4530025010945,,,
4530025010945,,,
4530025011645,,4,
4530025009017,,,
4530025011812,,,
4530025009451,,,
4530025011300,,8,
4530025009796,,4,
4530025011331,,3,
4530025011287,,3,
4987244174086,,2,
4530025011997,,2,
4530025012017,,,
4530025008904,,,
4530025011690,,,
4530025008904,,,
4530025011690,,,
4530025012017,,,
4530025012017,,,
4530025008904,,,
4530025008904,,,
4530025009840,,,
4530025010075,,,
4530025008928,,,
4530025008928,,,
4530025007815,,,
4997660123018,,2,
4997660103041,,,
4997660103027,,,
4997660160068,,,
4997660160082,,,
4997660160082,,,
4997660106028,42-4d-2,8,
4997660106035,,5,
4997660116140,,7,
4986920339917,,3,
4986920333816,,3,
4992440034713,42-5a,117,
4992440036021,42-4a,7,
4547691749192,,22,
4973307283888,,,
4901301236210,,11,
4971032984520,42-4,3,
4987072071274,42-5,2,
4987072071755,,4,
4987072071281,,7,
4987072032893,,3,
4905001240430,42-5,3,
4905001240386,,,
4560314703272,,13,
4560314703265,,7,
4901696506899,,26,
4901301258441,,19,
4901301207463,,5,
4901301258595,,3,
4901301254283,,6,
4901301262912,,,
885178582912,41-2a,,
826218909863,,,
885179169341,,,
886912453178,,,
885178585876,,,
885179169365,,,
885178585272,,,
826218908651,,,
885178584831,,,
885178585876,,,
885178585906,,,
885178582752,,,
885178585159,,,
885179169365,,,
885178585159,,,
885178585180,,,
886912453086,,,
886912452959,,,
885178582738,41-2b,,
885178583230,,,
888507245106,,,
826218908699,,,
886912452843,,,
885178583834,,,
885179169341,,,
885179169341,,,
885178585906,,,
885178585180,,,
885178585180,,,
885178583483,,,
885178585159,,,
886912453178,,,
888507245069,,,
826218908699,,,
885178583834,,,
885178583230,,,
885178585180,41-2c,,
885178585159,,,
885178585159,,,
885178583483,,,
885178585159,,,
886912453055,,,
885179169310,,,
826218911385,,,
885178582684,,,
886912452959,,,
888507246189,,,
886912453178,,,
885178585876,,,
885178582950,,,
885178583483,,,
885178585180,,,
885178585159,,,
885178583285,,,
885178583834,41-2d,,
885178583285,,,
885178583308,,,
888507244024,,,
885178583506,,,
885178585272,,,
885179169297,,,
885178583230,,,
885178582950,,,
885178583834,,,
885178583506,,,
885178582950,,,
885179169310,,,
885179169310,,,
886912452843,,,
885178585272,,,
885178583506,,,
885178584831,,,
885178583834,41-2e,,
885178583834,,,
886912453178,,,
826218909863,,,
885178585876,,,
885178585135,,,
886912453178,,,
885179169365,,,
885179169365,,,
885179169297,,,
885178583230,,,
885178582950,,,
885178583230,,,
885178583506,,,
886912452843,,,
888507245106,,,
885178582707,,,
885178582936,,,
885178583285,41-3a,,
886912453093,,,
886912453093,,,
886912453093,,,
885178585135,,,
886912453079,,,
886912453079,,,
886912453079,,,
826218908699,41-3c,,
886912452843,,,
885178583506,,,
885178584831,,,
826218908675,,,
885178583506,,,
885178584831,,,
885178584831,,,
885178582950,,,
885178584831,,,
885179169310,,,
885178583506,,,
885178584831,41-3D,,
826218908675,,,
885178582738,,,
885178582950,,,
885178585876,,,
885178585876,,,
826218909863,,,
885178585135,,,
826218908651,,,
885178584831,,,
885178582707,,,
885178585487,,,
885178585135,41-3E,,
885178585500,,,
886912453192,,,
886912452928,,,
886912452928,,,
885178585876,,,
885259563137,,,
885179169341,,,
4967898002509,41-4A,23,
4967989002417,,24,
4562344356404,,6,
4580260566851,,3,
4973987642999,,2,
4562344352680,,,
4562344352925,,,
4562344352901,,,
4562344352901,,,
4562344352918,,,
4562344352925,,,
4562344352659,,,
4562344352659,,,
4562344352659,,,
4562344352659,,,
4562344352659,,,
4562344352635,,,
4562344352857,,,
4562344352659,,,
4562344352857,,,
4562344352857,,,
4562344352642,,,
4562344352642,,,
4562344352871,,,
4562344352659,,,
4580244698226,,4,
4580244698202,,2,
4562344356398,,9,
4580244698233,,,
4580244691173,,,
4580244690978,,2,
4562344353519,,2,
4562344354677,,,
4562344360418,,,
4580244694280,,,
4904710371756,,4,
4901301230881,32-1,6,
4902430679138,,,
4902430679114,,,
4971404312944,,,
4514503020763,,,afternoon 餐盒
4902424437409,,12,
4987244165299,,,
4582363700071,32-2A,20,
4582363700750,,16,
4901301272201,,,
4901301229069,,6,
4971710319385,,,
4971710319385,,,
4971710319385,,,
4971710382037,,,
4025710382037,,,
4971710382037,,,
1101090393504,32-2f,,
1101090278207,,,
1101090278009,,,
1101090277804,,,
1101090417903,,,
1101090417903,,,
4548239136948,,,
4548239136900,,,
4548239136931,,,
4514503516167,,,
4971032836218,32-2d,23,
4971032836201,,4,
4902508160810,32-2e,2,
888507252692,32-3,,
886548533251,,,
886549897543,,,
886549897543,,,
886549897543,,,
885178588877,,,
888507254405,,,
885178588853,,,
885178588853,,,
888507252616,,,
885178588853,,,
885178588877,,,
885178587894,,,
885178588877,,,
885178587993,,,
888507252616,,,
888507252616,,,
885178591273,,,
885178588877,,,
885178587894,,,
885178588884,,,
885178588884,,,
885178588884,,,
885178587887,,,
885178587887,,,
885178588884,,,
888507252616,,,
886912453321,,,
885178588853,,,
659658159303,,,
820652768727,,,
820652780583,,,
820652780576,,,
820652780569,,,
820652768710,,,
820652768710,,,
820652780491,,,
820652780491,,,
820652780491,,,
820652780491,,,
820652780569,,,
888409753204,,,
885259444924,,,
659658159303,,,
659658159303,,,
885259444924,,,
885259444948,,,
659658154896,,,
888409753204,,,
820652780576,,,
659658159303,,,
888409753198,,,
884751711732,,,
888409753198,32-4,,
886668204956,,,
886668204956,,,
886668204949,,,
886668204949,,,
886550227155,,,
820652768710,,,
820652780576,,,
820652768710,,,
820652780576,,,
820652780576,,,
820652772441,,,
820652766907,,,
884751711862,,,
886737939604,,,
659658159310,,,
659658159310,,,
885259444924,,,
884776660954,,,
884776660947,,,
884776660947,,,
885259444924,,,
884776660954,,,
884776660947,,,
886737939437,,,
885259444924,,,
885259444962,,,
885259444962,,,
885259444948,,,
885259444986,,,
885259444962,,,
91201047642,,6,
886737939420,,,
659658154896,,,
659658154896,,,
659658154896,,,
659658154896,,,
659658154896,,,
659658154896,,,
659658154896,,,
659658159303,,,
659658159303,,,
659658154896,,,
659658159303,,,
659658159303,,,
659658159303,,,
659658159303,,,
659658159303,,,
659658159303,,,
885259444894,,,
884751711824,,,
884751711732,,,
884751711862,,,
4901234299313,32-5,144,
4901234299719,,144,
4901234299214,,72,
4524734500583,31-5b,111,
4524734500736,,,
4560401460361,31-5b,144,
4560401460354,,48,
4984090993175,,23,
4971032836188,,2,
4971032836164,,,
4971032836195,,4,
2019940020069,31-1,6,xisongwuzhengtou
4901301230836,,2,
885178582738,31-2,,
885178583230,,,
885178583506,,,
885178582950,,,
885178583506,,,
885179169297,,,
885178583506,,,
885178583254,,,
885178583506,,,
885178582950,,,
885178585159,,,
885178582912,,,
885178585180,,,
885178585135,,,
888507244024,,,
885178585159,,,
885178582752,,,
885178585180,,,
885178583483,,,
885178582912,,,
885178585180,,,
885178583285,,,
885178583483,,,
885178583483,,,
888507244024,,,
885178585180,,,
885178583285,,,
885178585180,,,
885178583483,,,
885178582912,,,
885178585180,,,
885178583506,,,
888507246189,,,
885178585135,,,
885178585135,,,
885178585180,,,
885178585272,,,
886548533732,,,
886548533244,,,
886548533244,,,
886548533732,,,
886548533244,,,
885178582936,,,
885178583834,,,
888507244024,,,
885178585906,,,
885178585906,,,
885178585906,,,
885178585906,,,
885178585180,,,
826218919206,31-3,,
885179169907,,,
885179169907,,,
885179169907,,,
885179169907,,,
885179169907,,,
885179169907,,,
826218911408,,,
886912453093,,,
885179169907,,,
888507246134,,,
826218919206,,,
886548533503,,,
886548533503,,,
886548533503,,,
886548533503,,,
886548533237,,,
886549897543,,,
888507252722,,,
886549897468,,,
886548533251,,,
886548533251,,,
886548534838,,,
885179176202,,,
886548533251,,,
886548534838,,,
885179176202,,,
886548534838,,,
888507252616,,,
886548533244,,,
886548534838,,,
886548533244,,,
886548534005,,,
885178588884,,,
886548533732,,,
886548534838,,,
885179176202,,,
888507252630,,,
886548533251,,,
888507252630,,,
888507252630,,,
886548533251,,,
886548534005,,,
886548534005,,,
886549897369,,,
886548534005,,,
886548533244,,,
4524785299955,31-4,7,
4524785299856,,6,
4524785303812,,12,
4524785303829,,,
4524785299931,,,
4524785299955,,,
4524785301856,,,
4524785303812,,,
4524785299870,,,
4514503325486,,,
4524785299870,,,
4524785302013,,20,
4524785301818,,5,
4987107616647,31-4a,18,
4987107616524,,6,
4946591040130,,10,
4902522672139,,2,
4560273810325,,,
4907706200917,,2,
4560291340392,,,
4560401460347,21-3a,67,
4560401460354,,45,
4560401460361,,42,
4901417630988,,61,
4901417631381,,49,
4901417630674,,42,
4901301236883,32-2b,,
4582138093681,22-3,,
4582138091519,,,
4582138098891,,,
4582138098891,,,
4582138098891,,,
4582138098907,,,
4582138097849,,,
4562344352826,,4,
4562344359986,,8,
4562344359962,,5,
4562344359993,,5,
4562344360012,,11,
1101090382508,32-2f,,
4902806437980,,21,
4902806438161,,6,
4902806438093,,5,
4549707059288,52-5,,
4975479409561,31-4,,
4901234299214,22-3,35,
4901234299313,,30,
4972422030544,51-3b,,
4972422030544,,,
4901234299719,22-3,51,
4986920422510,22-2g,,
4986920422510,,,
4902424435986,,37,
4987205310560,,,
4987205310485,,,
4901301266217,,,
4901301266217,,,
4987205080708,,4,
4582142694089,,4,
4987205100871,,,
4571138552427,,3,
4571138552472,,8,
4589405190012,,96,
4984596144750,22-2,13,
4901080276810,22-2j,,
4580244697540,,3,
4562344360944,22-5,4,
4562344360951,,3,
4562344360920,,6,
4562344360937,,4,
4562344352628,22-5,,
4562344352741,,,
4562344352512,,,
4562344352628,,,
4562344352772,,,
4562344352772,,,
4562344352741,,,
4562344352741,,,
4562344352628,,,
4562344352482,,,
4562344352765,,,
4562344352628,,,
4562344352741,,,
4562344352628,,,
4562344352482,,,
4562344352499,,,
4562344352499,,,
4562344352499,,,
4562344352499,,,
4562344352475,,,
4562344352475,,,
4562344352475,,,
4562344352475,,,
4562344352475,,,
4562344352482,,,
4562344352765,,,
4562344352482,,,
4562344352499,,,
4562344352482,,,
4562344352475,,,
4562344352512,,,
4562344352512,,,
4562344352512,,,
4562344352512,,,
4562344352512,,,
4562344352512,,,
4562344352512,,,
4562344352475,,,
4562344352741,,,
4562344352628,,,
4562344352765,,,
4562344352765,,,
4562344352499,,,
4562344352475,,,
4562344352512,,,
4562344352512,,,
4562344352512,,,
4562344352499,,,
4562344352475,,,
4562344359993,,,
4562344352758,,,
4562344352758,,,
4562344352772,,,
4580244694297,,,
4562344359412,,,
4562344352772,,,
4562344352772,,,
4562344352765,,,
4562344352772,,,
4562344356909,,,
4562344352758,,7,
4562344352765,,2,
4562344359924,,5,
4562344359931,,3,
4562344359917,,3,
4562344359948,,2,
4901417629883,22-4b,45,
4901417628923,,37,
4901417629869,,2,
4901417628930,,54,
4543112925473,,,
4979750791413,,,
4979750791413,,,
4971404303256,,4,
4971404308152,,4,
4543112734006,,,
4543112698766,,,
4560147175291,,,
4560147175291,,,
4906156034509,,,
4906156034509,,,
4582167870017,,,
4901872045389,,,
4906156037180,,,
4973167358542,,,
4973167258286,,,
4901503848105,,,
4935059041178,,5,
4935059041147,,,
4987188100325,,94,
4902508210072,,3,
4944665041113,,6,
4944665041120,,3,
4944665041106,,3,
4972990147798,,2,
4972990147828,,4,
4972990134538,,,
4973210992280,,7,
4972990150590,,,
4973655202517,,,
4901872066483,,9,
4971850773368,,,
4971850223832,,,
4971850773368,,,
4971850859413,,,
4971850859413,,,
4971850859413,,,
79767734107,,,
79767734107,,3,
4966006058642,,,
4971850056881,,,
4971850056904,,,
79767734091,,,
4971850439608,,,
4971850439257,,,
4971850439196,,2,
4560414846893,22-2,,
4560249028679,21-4h,3,
2002484960175,,,
2002484960144,,,
4992924349074,,,
4992924349111,,,
4976008142072,,,
4560249028686,,,
4534688054650,,,
4534688054650,,,
4526371040491,90-3,145,
4901872444915,21-4,24,
4901872444908,,4,
4964596457814,,,
4906064269727,,,
4906064269741,,3,
4964596448966,,,
4903111473908,,2,
1101060025800,,6,hudieshaozi
1101090303909,,3,franc杯子
1101090367802,,,
4903301034506,,3,
4903301205623,,10,
1101120115403,,3,
4969542143353,,5,
4961691104223,,,
4901616213678,,,
4901616213678,,,
4901616213678,,,
4901616213678,,,
4580211770306,,,
4580211770306,,,
4580211770306,,,
4580211770337,,,
4904710414996,21-4d,,
4904710420706,,,
4514503306270,,,
4549549995416,,4,
4547441805840,,,
,,,
4968291305838,,,
4904710419571,,,
4904710416068,,,
4904710416068,,,
4904710416051,,,
4904710416051,,,
4904710397749,,,
4904710419687,,,
4904710419700,,,
4904710419700,,,
4904710397640,,,
4904710419687,,,
4904710419687,,,
4904710397749,,,
4904710397749,,,
4904710397749,,,
4904710397749,,,
4904710397657,,,
4904710397657,,,
4904710397657,,,
4904710397657,,,
4904710419700,,,
4904710397732,,,
4904710397602,,,
4904710397602,,,
4904710397602,,,
4904710397602,,,
4904710397619,,,
4904710397619,,,
4904710397572,,,
4904710397732,,,
4904710397732,,,
4580444280092,21-2c,12,
4549387443223,,,
4549387443230,,3,
4974305196118,,3,
4974305196132,,,
4974305196101,,3,
4904710416136,,17,
4904710416143,,6,
4904710416112,,4,
4904710416198,,14,
4904710416174,,,
4904710416181,,37,
4904710416167,,30,
4904710418512,,26,
4904710397619,21-4,,
4904710397657,,,
4904710397732,,,
4904121306712,72-5,7,
4520060230002,21-5,133,
4901525006286,,3,
4903335695254,,2,
4582138092424,12-2,,
4562102740155,,34,
4948731015831,,7,
4971404310551,,4,
4971404311398,,2,
4540790758621,,9,
4540790891229,,,
4905426976013,,,
4901872096879,,7,
4901872036509,,9,
4901872063079,,17,
8466281,,15,355-T
24984596144310,,9,350
4969527118253,12-3,3,
4969527143156,,9,
4969527158655,,6,
4969527143163,,2,
4969527143187,,3,
4969527158617,,2,
4969527158662,,,
4969527116310,,,
4969527143125,,,
4969527158600,,6,
4979855682395,,2,
4987426002244,,6,
4987426300227,,42,
4987240210535,,2,
4560323730115,,2,
4987415688503,,4,
4903301025726,,4,
4987426002114,,10,
4987033703077,,,
4511413302163,,4,
4966680245741,,,
4987072044629,,14,
4987072039663,,3,
4987426002473,,,
4987426002244,,,
4571205850623,12-3,6,
4971710359114,,4,
4514254670521,,,
4514254181980,,,
4971710358070,,5,
4971710447026,,,
4514254028742,,,
4514254028742,,,
4514254036082,,,
4514254036082,,,
4514254036082,,,
4514254036075,,,
4514254036075,,,
4514254036075,,,
4514254036075,,,
4514254036075,,,
4514254036075,,,
4908049294953,,44,
4973167581971,,2,
4934976175218,12-4,,
4934976174914,,,
4934976174914,,,
4934976171302,,,
4934976171319,,,
4934976171326,,,
4580244698530,12-4,,
4904710410240,,,
4904710420621,,,
4904710420621,,,
4904710420614,,,
4904710420614,,,
4904710420607,,8,
4987426002091,,37,
4987426001803,,52,
4544877508093,,8,
4544877503777,,27,
4544877506549,,28,
4901872459957,12-5,113,
4544877504422,12-5,74,
4936201054824,,,
4901416175640,,35,
4562130113679,71-3,,
4562130117479,,,
4901416175633,12-5,20,
305594,12-5,1,
315876,,4,
4904121307016,21-2,,
4904121307016,,,
4904121306910,,,
4904121306910,,,
4902011751338,11-1,,
4901301230881,,4,
4901301230676,,,
4903111211050,,2,M64 MOONY
4903111131228,,,L66 MOONY
4902424435726,11-2,8,
4902508132435,,11,
4953923303375,11-3,3,
4953923303559,,1,
4953923326046,,,
4953923322604,,11,
4953923304600,,5,
4953923337684,,4,
4953923326374,,,
4953923304761,,,
4953923303900,,,
4953923338261,,,
4979006078671,,4,
4979006064834,,3,
4979006067057,,,
4979006068665,,8,
4979006049626,,,
4979006070132,,,
4979006049626,,,
4979006064759,,,
4979006070064,,2,
4987123134798,12-3,,
4908049183271,11-4,8,
4908049263409,,2,
4908049263409,,2,
4908049334987,,,
4908049335007,,,
4908049335069,,3,
4908049315740,,7,
4908049334987,,9,
4908049335038,,2,
4908049315825,,2,
4908049359454,,8,
4908049335045,,,
4908049335021,,4,
4908049334970,,4,
4908049315849,,3,
4908049384951,,2,
4908049315719,,9,
4908049322236,,,
4908049335076,,,
4908049335052,,,
4908049260330,,,
4908049315818,,9,
4908049317553,,,
4908049334994,,3,
4908049362324,,2,
4908049335052,,1,
4908049315818,,,
4908049335014,,2,
4908049397883,,,
4908049402372,,3,
4908049382476,,10,
4908049343774,,13,
4953923337646,11-5,14,
4902424435726,,,
4953923337660,,7,
4953923323328,,2,
4953923326237,,4,
4953923337653,,,
4953923301890,,,
4953923301883,,,
4953923326244,,,
4534551122400,11-5,25,
4534551123407,,,
4534551101306,,5,
4534551101900,,,
4534551101801,,5,
4534551101412,,3,
4534551101108,,8,
4534551101009,,4,
4534551101405,,4,
4534551057986,,2,
4534551135004,,,
4549766804690,,1,
4969527143187,,2,
4562344352604,,2,
4953923326244,,1,
4953923336892,,2,
4972422030414,,1,
4972422030087,,1,
4538604002053,,3,
4908049297657,,1,
4580444280092,,1,
4987415263403,,1,
4908049346850,,3,
4580153917777,,1,
4514254379950,,1,
 LAVIENAN-HEISE-ML,,1,
4988338221327,,1,
4988338221334,,1,
4902561001198,,6,
4904710371756,,2,
4975729200900,,3,
 A008-029-N,,1,
 g2453,,20,
4953923301883,,1,
4979006067064,,1,
4953923303535,,1,
 LAVIENV-HEISE-ML,,10,
 LAVIEBOTH-WHITE-ML,,1,
4953923336892,,1,
4979006067071,,1,
4544877503777,,5,
 GUNZE-NK-110-GIRL,,1,
4987343061140,,1,
4953923326251,,1,
4902806437980,,3,
4901696533901,,1,
4902430675420,,2,
4514254165669,,1,
 Jewel-Cleaner,,1,
4908049342531,,3,
4987084410276,,10,
 A008-029-N,,1,
 A008-029-N-L-PINK,,1,
4987072070628,,1,
4908049268312,,3,
4903301017134,,6,
4902806438093,,3,
49795301,,2,
4573243660011,,10,
4901027620782,,1,
4903301017134,,3,
4903379003473,,30,
4987072070628,,1,
4908049268312,,3,
4908049347338,,3,
4903301017165,,8,
4903301017134,,3,
49795301,,10,
4987009156760,,1,
4901027620782,,1,
 LAVIENV-HEISE-SM,,2,
4903301017165,,9,
4903301017134,,6,
893507,,6,
4903301017127,,53,
4540790891229,,1,
4571135909279,,1,
4901027620782,,2,
4987240210245,,1,
4571138552472,,1,
4901872045389,,1,
49795318,,8,
 Monomax,,20,