4056565100484,61-2a
4056565100514,61-2a
4056565100507,61-2a
4057283778368,61-2a
4057282367730,61-2a
4056565139217,61-2a
4056565139217,61-2a
4056565139217,61-2a
885179169341,62-3a
885259563168,62-3a
885178591273,62-3a
886549897543,62-3a
4549473163127,62-3b
4549473130143,62-3b
886912452928,62-3b
885178585500,62-3b
826218908651,62-3c
888507252616,62-3c
886912453031,62-3c
888409753198,62-3c
4548871787492,62-3c
888507252722,62-3c
885178582912,62-3c
885178583506,62-3d
886912453192,62-3d
886912452928,62-3d
4549845742431,62-3e
8181882712112,62-3e
4549845730674,62-3e
4549845742721,62-3e
4906030258649,62-3e
4055342091373,62-3e
4054067760267,62-4
4054067760267,62-4
4054067760267,62-4
4054714105083,62-4
4054067760267,62-4
888507252616,62-4
888507252616,62-4
4054067760267,62-4
4054067760267,62-4
4548871979828,62-4
888507252616,62-4
4052001424619,62-4
4056565100538,62-5
4055341279789,62-5
4057282380517,62-5
4056565100507,62-5
4549845742561,62-5
4549845742561,62-5
4549845742561,62-5
4056565100507,62-5
4057282367730,62-5
4057282397560,62-5
4056565100491,62-5
4056565100491,62-5
4056565668304,62-5
4056565100538,62-5
4056565100538,62-5
4056565100538,62-5
4056565100514,62-5
4056565100521,62-5
4056565100521,62-5
4056565100521,62-5
4056565100538,62-5
4056565109173,62-5
4056565109173,62-5
4056565100538,62-5
4056565100507,62-5
4056565100521,62-5
4056565100538,62-5
4056565100514,62-5
4056565100514,62-5
4056565134984,62-5
4056565134991,62-5
4056565100507,62-5
4055341383301,62-5
4056565139248,62-5
4055342269499,62-4
4549845742721,62-4
4549845742721,62-4
4549845742578,62-4
4549845742721,62-4
4549845742721,62-4
4549604869508,62-4
4549845742547,62-4
4549845742189,62-4
4549845742615,62-4
4549845742547,62-4
4549845742363,62-4
4549604866897,62-4
4549845742714,62-4
4549845742714,62-4
4549845742578,62-4
4549845742387,62-4
4549845742165,62-4
4549604869508,62-4
4549604866866,62-4
4549604869508,62-4
4549845742387,62-4
4549845742561,62-4
4549845742561,62-4
4057282393609,62-3
4056565668328,62-3
4056565668328,62-3
4056565668281,62-3
4057282360496,62-3
4056565668281,62-3
4056565668311,62-3
4057282360465,62-3
4057282380609,62-3
4057282360397,62-3
4057283784864,62-3
4055341279765,62-3
4056565668311,62-3
4056565100538,62-3
4055013751063,62-3
4057283751798,62-3
4055341413602,62-3
4055013750882,62-3
4055341279772,62-3
4055341344494,62-3
4055012277984,62-3
4055341279772,62-3
4055341279772,62-3
4057282431745,62-3
4055341413626,62-3
4056565100514,62-3
4055341279772,62-3
4056565134991,62-3
4055342233384,62-3
4056565668311,62-3
4056565134991,62-3
4056565134984,62-3
4057282367730,62-3
4056565134991,62-3
4056565134991,62-3
4055341344548,62-3
4055341288477,62-3
4051935079346,62-3
4056565100507,62-3
4056565100507,62-3
4057282397560,62-3
4057282380500,62-3
4057282380609,62-3
4057282380500,62-3
4057282397690,62-3
4057282397638,62-3
4055342095531,62-2
4055342095531,62-2
4056565309184,62-2
4055341288477,62-2
4055341279789,62-2
4055342233384,62-2
4055341701372,62-2
4055342095531,62-2
4055342221442,62-2
4055342235739,62-2
4055342221398,62-2
4055341731348,62-2
4056564030638,62-2
4055342091342,62-2
4055342091342,62-2
4055341731423,62-2
4055342091373,62-2
4055342091373,62-2
4055342091373,62-2
4055342091298,62-2
4055342269505,62-2
4055342095531,62-2
4055342091342,62-2
4055342233483,62-2
4055341727174,62-2
4055341731423,62-2
4056565665662,62-2
4055342091373,62-2
4055342091373,62-2
4055341701372,62-2
4055342091298,62-2
1212773440009,62-2
4055341727167,62-2
4055342095531,62-2
4055342091373,62-2
4055342091373,62-2
4055342091373,62-2
4055342091373,62-2
4549604881388,62-1
4549604868693,62-1
4549604853323,62-1
4549845741373,62-1
4549845741373,62-1
4549845741373,62-1
4549845741373,62-1
4549845741373,62-1
4549845741373,62-1
4549845742523,62-1
4549845741373,62-1
4549845741373,62-1
4549845742523,62-1
4549845742523,62-1
4549845742523,62-1
4549845742387,62-1
4549845742387,62-1
4549845742387,62-1
4549845742387,62-1
4549845742387,62-1
4056565134946,52-3
4056565100514,52-3
4056565139217,52-3
886912453055,52-3
4056565139217,52-3
4056565121977,52-3
4549845742387,52-3
4549604869287,52-3
4549845742387,52-3
4056565139217,52-3
4549845742387,52-3
4549604869515,52-3
4549845742585,52-3
885178588853,52-3
4549604869287,52-3
4549845742417,52-3
4549845742387,52-3
885178588853,52-2
885178587894,52-2
885178588884,52-2
885178588884,52-2
885178587894,52-2
885178588853,52-2
885178587993,52-2
885178588884,52-2
885178588877,52-2
885178588877,52-2
885178587887,52-2
888507244024,52-2
885178588877,52-2
885178587887,52-2
885178587887,52-2
885178588884,52-2
885178588853,52-2
888507244024,52-2
888507242273,52-2
888507244024,52-2
888507244024,52-2
659658154896,52-2
659658154896,52-2
659658154896,52-2
659658154896,52-2
659658154896,52-2
659658154896,52-2
659658154896,52-2
659658154896,52-2
659658154896,52-2
659658154896,52-2
886912452928,52-2
885178585500,52-2
885178582684,52-2
885178585906,52-2
885178584831,51-2k
886912453130,51-2k
886912452942,51-2k
886912452942,51-2k
886912452942,51-2k
886912452942,51-2k
886912452942,51-2k
886912452942,51-2k
886912452942,51-2k
886912452928,51-2j
885259563137,51-2j
886912453130,51-2j
886912453130,51-2j
886912453130,51-2j
885259558041,51-2j
886912452904,51-2j
886912453161,51-2j
886912452904,51-2j
886912453215,51-2i
885178585876,51-2i
886912452966,51-2i
885259558041,51-2i
885259558041,51-2i
885259558041,51-2i
886912453048,51-2i
886912452904,51-2i
886912452904,51-2i
886912452966,51-2h
885178585906,51-2h
886912452966,51-2h
886912453130,51-2h
885259558041,51-2h
885259558041,51-2h
885259558041,51-2h
886912452904,51-2h
886912452904,51-2h
281178585500,51-2g
886912453116,51-2g
885178582684,51-2g
886912452928,51-2g
886912453192,51-2g
886912453192,51-2g
886912453192,51-2g
886912453192,51-2g
886912453192,51-2g
885259564493,51-2f
885259564493,51-2f
886912452874,51-2f
886912452874,51-2f
886912452874,51-2f
885178585906,51-2f
885178585906,51-2f
885178585487,51-2f
885259564493,51-2f
888507250087,51-2e
888409753198,51-2e
886912452874,51-2e
885259563137,51-2e
886912453154,51-2e
886912453154,51-2e
4548871789816,51-2e
886912453154,51-2d
4548871789779,51-2d
4548871789960,51-2d
4548871789977,51-2d
4548871789946,51-2d
888507252692,51-2d
885178585500,51-2d
886912452966,51-2d
4548871820847,51-2c
4548871789977,51-2c
4548871786204,51-2c
4548871790003,51-2c
4548871786310,51-2c
4548871692598,51-2c
4548871789977,51-2c
885178585906,51-2c
885178585500,51-2c
886912453215,51-2c
886912453154,51-2b
886912453031,51-2b
886549897543,51-2b
888507252616,51-2b
886549897543,51-2b
888507254405,51-2b
886549897543,51-2b
886912453215,51-2b
886912453215,51-2b
820652780576,51-2b
659658159303,51-2b
4056565139217,52-4a
4056565100514,52-4a
4056565100484,52-4a
4056565100514,52-4a
4056565100507,52-4a
4056565100514,52-4a
4056565100514,52-4a
4056565100521,52-4a
4055341288347,72-4h
4055341413541,72-4h
4055341279741,72-4h
4057282360533,72-4h
4056565100521,72-4h
4548871789939,72-4h
4056565121885,72-4h
4548871787263,72-4g
4548871787065,72-4g
4548871787287,72-4g
4548871787584,72-4g
4548871979729,72-4g
4548871789939,72-4f
4548871789786,72-4f
4548871979774,72-4f
4548871786297,72-4f
4548871787515,72-4f
4548871787263,72-4e
4548871787423,72-4e
4548871787256,72-4e
4548871787256,72-4e
4548871787263,72-4e
4548871787300,72-4d
4548871787287,72-4d
4548871979644,72-4d
4548871979583,72-4d
4548871979583,72-4d
4054075324833,72-4c
4057283588608,72-4c
4056559031909,72-4c
4057283605787,72-4c
4054075324833,72-4b
4055341355551,72-4b
4057282401953,72-4b
4056565139231,72-4b
4052001499846,72-4a
1563888283341,72-4a
4054075324871,72-4a
4056565139217,72-4a
4052001499846,72-4a
4056565665594,72-4a
4056565669721,72-4a
4056565669721,72-4a
4055012256026,72-5
4055012256057,72-5
4055017595687,72-5
4055012256002,72-5
4055341463737,72-5
4055017418108,72-5
4055012278073,72-5
4054067760250,72-5
4054067760250,72-5
4055017595618,72-5
4055012260313,72-5
4054067760250,72-5
4054067760250,72-5
4054067760250,72-5
4055342208559,72-5
4056565139231,72-5
885178588877,41-3a
886912453093,41-3a
886912453093,41-3a
886912453093,41-3a
885178585906,41-3b
886912453093,41-3b
886912453079,41-3b
886912453079,41-3b
885178582950,41-3c
886912452843,41-3c
886912453093,41-3c
886912453079,41-3c
885178583506,41-3d
885178584831,41-3d
885178585906,41-3d
885178585906,41-3d
885178585906,41-3e
885178583506,41-3e
885178584831,41-3e
885178584831,41-3e
885178583285,41-3f
885178585906,41-3f
885178585135,41-3f
885178585135,41-3f
826218909863,41-3g
885178585876,41-3g
885178585500,41-3g
885178585876,41-3g
888507244024,41-3h
885178584831,41-3h
885178585500,41-3h
885178585135,41-3h
885179169310,41-3j
885178582950,41-3j
885178584831,41-3j
885178585487,41-3j
885178582707,41-3k
885178584831,41-3k
886912453178,41-2a
885178585876,41-2a
885179169365,41-2a
885178585272,41-2a
826218908651,41-2a
885178584831,41-2a
]885179169365,41-2b
885178585159,41-2b
885178582752,41-2b
885178585906,41-2b
885178585876,41-2b
826218908699,41-2c
888507245106,41-2c
826218908699,41-2c
886912452843,41-2c
885178583834,41-2c
885179169341,41-2c
885179169341,41-2c
885178585906,41-2c
888507245069,41-2d
886912453178,41-2d
885178585159,41-2d
885178583483,41-2d
885178583308,41-2d
885178585180,41-2d
885178585180,41-2d
885179169310,41-2e
884776489425,41-2e
886912453055,41-2e
885178585159,41-2e
885178583483,41-2e
885178585159,41-2e
885178585159,41-2e
885178585180,41-2e
826218911385,41-2f
886912453178,41-2f
885178585876,41-2f
885178582950,41-2f
885178583483,41-2f
885178585180,41-2f
885178585159,41-2f
885178583285,41-2f
885178585272,41-2g
885178583285,41-2g
885178583506,41-2g
888507244024,41-2g
885178583308,41-2g
885178583285,41-2g
885178583834,41-2g
826218909863,41-2h
886912453178,41-2h
885178585876,41-2h
885178585272,41-2h
885178585135,41-2h
885178583506,41-2h
885178584831,41-2h
825112582936,41-2h
886912452843,41-2j
886912452843,41-2j
886912453178,41-2j
886912453178,41-2j
885178583834,41-2j
885178583834,41-2j
885178582936,41-2j
885178583308,41-2k
886912453123,41-2k
888507245106,41-2k
885178582707,41-2k
885178582936,41-2k
885178583254,32-3
885178583230,32-3
885178582950,32-3
885178582950,32-3
885178583254,32-3
885178583506,32-3
885178583506,32-3
885178583230,32-3
885179169365,32-3
888507252630,32-3
885179169365,32-3
885178582950,32-3
886548533251,32-3
888507252630,32-3
886548533251,32-3
885179169297,32-3
885179169310,32-3
886548533244,32-3
885179169310,32-3
885178588884,31-3j
886548534005,31-3j
886549897369,31-3j
886548534005,31-3j
886548534005,31-3j
885178583230,31-3i
885178585159,31-3i
885179169297,31-3i
885178583834,31-3i
885178582950,31-3h
888507246189,31-3h
885178585180,31-3h
885178583834,31-3h
885178585135,31-3g
885178585135,31-3g
885178585135,31-3g
886912452959,31-3f
886912453093,31-3f
826218909863,31-3f
885179169341,31-3f
885178582912,31-3e
886912453086,31-3e
886912452959,31-3e
826218909863,31-3e
885178585180,31-3d
885178583230,31-3d
885178585180,31-3d
885178582684,31-3d
886548533503,31-3c
888507252630,31-3c
886548534005,31-3c
886548534005,31-3c
885178582738,31-3c
886548533503,31-3b
886548533503,31-3b
885178583285,31-3b
885178585180,31-3b
885178582738,31-3a
885178585180,31-3a
886548533503,31-3a
886548533732,31-2a
886548533244,31-2a
885178582936,31-2a
886548533244,31-2a
886548533732,31-2a
885178585272,31-2a
888507246189,31-2a
886548533732,31-2a
886548533732,31-2a
886548533244,31-2a
886548533244,31-2a
885259444948,31-2B
885259444924,31-2B
885259444924,31-2B
885178585180,31-2B
885178583506,31-2B
888507246189,31-2B
885178582950,31-3C
885178582912,31-3C
885178582912,31-3C
885178583506,31-3C
885178583483,31-3C
885178585180,31-3D
885178583285,31-3D
885178583483,31-3D
885178583483,31-3D
888507244024,31-3D
885178582912,31-3E
885178583483,31-3E
885178585180,31-3E
885178582752,31-3E
885178585159,31-3E
885178585159,31-3F
885178582912,31-3F
885178585180,31-3F
885178585272,31-3F
885178583230,31-3F
885178582950,31-3G
885178583506,31-3G
885178583254,31-3G
885178583506,31-3G
885179169297,31-3G
885178583506,31-3H
885178582950,31-3H
885178583506,31-3H
885178583230,31-3H
885178582738,31-3H
