-- MySQL dump 10.13  Distrib 5.7.18-15, for Linux (x86_64)
--
-- Host: 127.0.0.1    Database: ymatou
-- ------------------------------------------------------
-- Server version	5.6.28-log

/*!40101 SET @OLD_CHARACTER_SET_CLIENT=@@CHARACTER_SET_CLIENT */;
/*!40101 SET @OLD_CHARACTER_SET_RESULTS=@@CHARACTER_SET_RESULTS */;
/*!40101 SET @OLD_COLLATION_CONNECTION=@@COLLATION_CONNECTION */;
/*!40101 SET NAMES utf8 */;
/*!40103 SET @OLD_TIME_ZONE=@@TIME_ZONE */;
/*!40103 SET TIME_ZONE='+00:00' */;
/*!40014 SET @OLD_UNIQUE_CHECKS=@@UNIQUE_CHECKS, UNIQUE_CHECKS=0 */;
/*!40014 SET @OLD_FOREIGN_KEY_CHECKS=@@FOREIGN_KEY_CHECKS, FOREIGN_KEY_CHECKS=0 */;
/*!40101 SET @OLD_SQL_MODE=@@SQL_MODE, SQL_MODE='NO_AUTO_VALUE_ON_ZERO' */;
/*!40111 SET @OLD_SQL_NOTES=@@SQL_NOTES, SQL_NOTES=0 */;
/*!50717 SET @rocksdb_bulk_load_var_name='rocksdb_bulk_load' */;
/*!50717 SELECT COUNT(*) INTO @rocksdb_has_p_s_session_variables FROM INFORMATION_SCHEMA.TABLES WHERE TABLE_SCHEMA = 'performance_schema' AND TABLE_NAME = 'session_variables' */;
/*!50717 SET @rocksdb_get_is_supported = IF (@rocksdb_has_p_s_session_variables, 'SELECT COUNT(*) INTO @rocksdb_is_supported FROM performance_schema.session_variables WHERE VARIABLE_NAME=?', 'SELECT 0') */;
/*!50717 PREPARE s FROM @rocksdb_get_is_supported */;
/*!50717 EXECUTE s USING @rocksdb_bulk_load_var_name */;
/*!50717 DEALLOCATE PREPARE s */;
/*!50717 SET @rocksdb_enable_bulk_load = IF (@rocksdb_is_supported, 'SET SESSION rocksdb_bulk_load = 1', 'SET @rocksdb_dummy_bulk_load = 0') */;
/*!50717 PREPARE s FROM @rocksdb_enable_bulk_load */;
/*!50717 EXECUTE s */;
/*!50717 DEALLOCATE PREPARE s */;

--
-- Table structure for table `stock_task`
--

DROP TABLE IF EXISTS `stock_task`;
/*!40101 SET @saved_cs_client     = @@character_set_client */;
/*!40101 SET character_set_client = utf8 */;
CREATE TABLE `stock_task` (
  `id` int(11) NOT NULL AUTO_INCREMENT,
  `name` varchar(16) NOT NULL,
  `interval` int(11) NOT NULL,
  PRIMARY KEY (`id`)
) ENGINE=InnoDB AUTO_INCREMENT=5 DEFAULT CHARSET=utf8;
/*!40101 SET character_set_client = @saved_cs_client */;

--
-- Dumping data for table `stock_task`
--

LOCK TABLES `stock_task` WRITE;
/*!40000 ALTER TABLE `stock_task` DISABLE KEYS */;
INSERT INTO `stock_task` VALUES (2,'impordtoxlobo',10),(3,'syncorder',15),(4,'deliveryymtorder',5);
/*!40000 ALTER TABLE `stock_task` ENABLE KEYS */;
UNLOCK TABLES;

--
-- Table structure for table `stock_exportorderlog`
--

DROP TABLE IF EXISTS `stock_exportorderlog`;
/*!40101 SET @saved_cs_client     = @@character_set_client */;
/*!40101 SET character_set_client = utf8 */;
CREATE TABLE `stock_exportorderlog` (
  `id` int(11) NOT NULL AUTO_INCREMENT,
  `sellerName` varchar(32) NOT NULL,
  `export_time` datetime(6) NOT NULL,
  `count` int(11) DEFAULT NULL,
  PRIMARY KEY (`id`),
  UNIQUE KEY `stock_exportorderlog_sellerName_export_time_9b0d884d_uniq` (`sellerName`,`export_time`)
) ENGINE=InnoDB AUTO_INCREMENT=358 DEFAULT CHARSET=utf8;
/*!40101 SET character_set_client = @saved_cs_client */;

--
-- Dumping data for table `stock_exportorderlog`
--

LOCK TABLES `stock_exportorderlog` WRITE;
/*!40000 ALTER TABLE `stock_exportorderlog` DISABLE KEYS */;
INSERT INTO `stock_exportorderlog` VALUES (66,'2830020@qq.com','2017-07-07 14:00:00.000000',0),(67,'tacy.lee@gmail.com','2017-07-07 14:00:00.000000',0),(68,'2830020@qq.com','2017-07-07 15:18:31.000000',7),(69,'tacy.lee@gmail.com','2017-07-07 15:18:31.000000',0),(70,'2830020@qq.com','2017-07-07 15:20:32.000000',0),(71,'tacy.lee@gmail.com','2017-07-07 15:20:32.000000',0),(72,'2830020@qq.com','2017-07-07 15:22:32.000000',0),(73,'tacy.lee@gmail.com','2017-07-07 15:22:32.000000',0),(74,'2830020@qq.com','2017-07-07 15:24:33.000000',0),(75,'tacy.lee@gmail.com','2017-07-07 15:24:33.000000',0),(76,'2830020@qq.com','2017-07-07 15:26:33.000000',1),(77,'tacy.lee@gmail.com','2017-07-07 15:26:33.000000',0),(78,'2830020@qq.com','2017-07-07 15:28:34.000000',0),(79,'tacy.lee@gmail.com','2017-07-07 15:28:34.000000',0),(80,'2830020@qq.com','2017-07-07 15:30:34.000000',0),(81,'tacy.lee@gmail.com','2017-07-07 15:30:34.000000',0),(82,'2830020@qq.com','2017-07-07 15:32:34.000000',0),(83,'tacy.lee@gmail.com','2017-07-07 15:32:34.000000',0),(84,'2830020@qq.com','2017-07-07 15:34:35.000000',0),(85,'tacy.lee@gmail.com','2017-07-07 15:34:35.000000',0),(86,'2830020@qq.com','2017-07-07 15:36:35.000000',0),(87,'tacy.lee@gmail.com','2017-07-07 15:36:36.000000',0),(88,'2830020@qq.com','2017-07-07 15:38:36.000000',0),(89,'tacy.lee@gmail.com','2017-07-07 15:38:36.000000',0),(90,'2830020@qq.com','2017-07-07 15:40:36.000000',1),(91,'tacy.lee@gmail.com','2017-07-07 15:40:36.000000',0),(92,'2830020@qq.com','2017-07-07 15:42:36.000000',0),(93,'tacy.lee@gmail.com','2017-07-07 15:42:37.000000',0),(94,'2830020@qq.com','2017-07-07 15:44:37.000000',0),(95,'tacy.lee@gmail.com','2017-07-07 15:44:37.000000',0),(96,'2830020@qq.com','2017-07-07 15:46:37.000000',0),(97,'tacy.lee@gmail.com','2017-07-07 15:46:38.000000',0),(98,'2830020@qq.com','2017-07-07 15:48:37.000000',0),(99,'tacy.lee@gmail.com','2017-07-07 15:48:38.000000',0),(100,'2830020@qq.com','2017-07-07 15:50:38.000000',0),(101,'tacy.lee@gmail.com','2017-07-07 15:50:38.000000',0),(102,'2830020@qq.com','2017-07-07 15:52:38.000000',0),(103,'tacy.lee@gmail.com','2017-07-07 15:52:38.000000',0),(104,'2830020@qq.com','2017-07-07 15:54:39.000000',0),(105,'tacy.lee@gmail.com','2017-07-07 15:54:39.000000',0),(106,'2830020@qq.com','2017-07-07 15:56:39.000000',0),(107,'tacy.lee@gmail.com','2017-07-07 15:56:39.000000',0),(108,'2830020@qq.com','2017-07-07 15:58:39.000000',0),(109,'tacy.lee@gmail.com','2017-07-07 15:58:39.000000',0),(110,'2830020@qq.com','2017-07-07 16:00:40.000000',0),(111,'tacy.lee@gmail.com','2017-07-07 16:00:40.000000',0),(112,'2830020@qq.com','2017-07-07 16:02:41.000000',0),(113,'tacy.lee@gmail.com','2017-07-07 16:02:41.000000',0),(114,'2830020@qq.com','2017-07-07 16:04:41.000000',0),(115,'tacy.lee@gmail.com','2017-07-07 16:04:42.000000',0),(116,'2830020@qq.com','2017-07-07 16:06:12.000000',0),(117,'tacy.lee@gmail.com','2017-07-07 16:06:12.000000',0),(118,'tacy.lee@gmail.com','2017-07-13 23:05:14.000000',7),(119,'tacy.lee@gmail.com','2017-07-31 00:00:00.000000',0),(120,'2830020@qq.com','2017-07-31 00:00:00.000000',245),(121,'tacy.lee@gmail.com','2017-07-31 14:34:43.000000',0),(122,'2830020@qq.com','2017-07-31 14:34:43.000000',45),(123,'2830020@qq.com','2017-07-31 14:36:44.000000',0),(124,'tacy.lee@gmail.com','2017-07-31 14:36:44.000000',0),(125,'2830020@qq.com','2017-07-31 14:38:44.000000',0),(126,'tacy.lee@gmail.com','2017-07-31 14:38:45.000000',0),(127,'2830020@qq.com','2017-07-31 14:40:45.000000',0),(128,'tacy.lee@gmail.com','2017-07-31 14:40:45.000000',0),(129,'2830020@qq.com','2017-07-31 14:42:45.000000',0),(130,'tacy.lee@gmail.com','2017-07-31 14:42:45.000000',0),(131,'天狗','2017-07-30 09:37:38.000000',0),(132,'tacy.lee@gmail.com','2017-08-01 09:41:58.000000',0),(133,'2830020@qq.com','2017-08-01 09:41:58.000000',58),(134,'2830020@qq.com','2017-08-01 09:42:37.000000',0),(135,'tacy.lee@gmail.com','2017-08-01 09:42:37.000000',0),(136,'天狗','2017-08-01 09:42:37.000000',12),(137,'天狗','2017-08-01 09:44:39.000000',0),(138,'2830020@qq.com','2017-08-01 09:44:38.000000',0),(139,'tacy.lee@gmail.com','2017-08-01 09:44:39.000000',0),(140,'天狗','2017-08-01 09:46:40.000000',0),(141,'2830020@qq.com','2017-08-01 09:46:40.000000',2),(142,'tacy.lee@gmail.com','2017-08-01 09:46:40.000000',0),(143,'天狗','2017-08-01 09:48:40.000000',0),(144,'2830020@qq.com','2017-08-01 09:48:41.000000',0),(145,'tacy.lee@gmail.com','2017-08-01 09:48:41.000000',0),(146,'天狗','2017-08-01 09:50:41.000000',0),(147,'2830020@qq.com','2017-08-01 09:50:42.000000',0),(148,'tacy.lee@gmail.com','2017-08-01 09:50:42.000000',0),(149,'天狗','2017-08-01 09:52:42.000000',0),(150,'2830020@qq.com','2017-08-01 09:52:43.000000',0),(151,'tacy.lee@gmail.com','2017-08-01 09:52:43.000000',0),(152,'天狗','2017-08-01 09:54:42.000000',0),(153,'2830020@qq.com','2017-08-01 09:54:43.000000',0),(154,'tacy.lee@gmail.com','2017-08-01 09:54:44.000000',0),(155,'天狗','2017-08-01 09:56:43.000000',0),(156,'2830020@qq.com','2017-08-01 09:56:44.000000',0),(157,'tacy.lee@gmail.com','2017-08-01 09:56:44.000000',0),(158,'天狗','2017-08-01 09:58:43.000000',0),(159,'2830020@qq.com','2017-08-01 09:58:45.000000',0),(160,'tacy.lee@gmail.com','2017-08-01 09:58:45.000000',0),(161,'tacy.lee@gmail.com','2017-08-04 16:00:13.000000',0),(162,'tacy.lee@gmail.com','2017-08-04 16:03:44.000000',0),(163,'tacy.lee@gmail.com','2017-08-04 16:05:11.000000',0),(164,'tacy.lee@gmail.com','2017-08-04 16:05:42.000000',0),(165,'tacy.lee@gmail.com','2017-08-04 16:05:58.000000',0),(166,'2830020@qq.com','2017-08-04 16:05:58.000000',130),(167,'天狗','2017-08-04 16:05:58.000000',16),(168,'tacy.lee@gmail.com','2017-08-04 16:16:03.000000',0),(169,'天狗','2017-08-04 16:16:05.000000',0),(170,'2830020@qq.com','2017-08-04 16:16:03.000000',131),(171,'天狗','2017-08-04 16:19:52.000000',0),(172,'tacy.lee@gmail.com','2017-08-04 16:19:52.000000',0),(173,'2830020@qq.com','2017-08-04 16:19:52.000000',0),(174,'天狗','2017-08-04 16:29:53.000000',0),(175,'tacy.lee@gmail.com','2017-08-04 16:29:53.000000',0),(176,'2830020@qq.com','2017-08-04 16:29:53.000000',0),(177,'天狗','2017-08-04 16:39:53.000000',0),(178,'tacy.lee@gmail.com','2017-08-04 16:39:54.000000',0),(179,'2830020@qq.com','2017-08-04 16:39:54.000000',1),(180,'天狗','2017-08-04 16:43:33.000000',0),(181,'tacy.lee@gmail.com','2017-08-04 16:43:33.000000',0),(182,'2830020@qq.com','2017-08-04 16:43:33.000000',1),(183,'天狗','2017-08-04 16:46:01.000000',0),(184,'tacy.lee@gmail.com','2017-08-04 16:46:01.000000',0),(185,'2830020@qq.com','2017-08-04 16:46:01.000000',0),(186,'天狗','2017-08-04 16:46:31.000000',0),(187,'tacy.lee@gmail.com','2017-08-04 16:46:31.000000',0),(188,'2830020@qq.com','2017-08-04 16:46:31.000000',0),(189,'天狗','2017-08-04 16:50:27.000000',0),(190,'2830020@qq.com','2017-08-04 16:50:27.000000',0),(191,'tacy.lee@gmail.com','2017-08-04 16:50:27.000000',0),(192,'天狗','2017-08-04 16:52:00.000000',0),(193,'tacy.lee@gmail.com','2017-08-04 16:52:00.000000',0),(194,'2830020@qq.com','2017-08-04 16:52:00.000000',0),(195,'天狗','2017-08-04 16:53:37.000000',0),(196,'2830020@qq.com','2017-08-04 16:53:37.000000',0),(197,'tacy.lee@gmail.com','2017-08-04 16:53:37.000000',0),(198,'天狗','2017-08-04 16:58:54.000000',0),(199,'tacy.lee@gmail.com','2017-08-04 16:58:54.000000',0),(200,'2830020@qq.com','2017-08-04 16:58:54.000000',0),(201,'tacy.lee@gmail.com','2017-08-04 21:17:54.000000',0),(202,'2830020@qq.com','2017-08-04 21:17:54.000000',13),(203,'天狗','2017-08-04 21:17:54.000000',6),(204,'天狗','2017-08-04 21:18:32.000000',0),(205,'tacy.lee@gmail.com','2017-08-04 21:18:32.000000',0),(206,'2830020@qq.com','2017-08-04 21:18:32.000000',0),(207,'天狗','2017-08-04 21:22:15.000000',0),(208,'tacy.lee@gmail.com','2017-08-04 21:22:15.000000',0),(209,'2830020@qq.com','2017-08-04 21:22:15.000000',0),(210,'天狗','2017-08-04 21:29:57.000000',0),(211,'2830020@qq.com','2017-08-04 21:29:57.000000',0),(212,'tacy.lee@gmail.com','2017-08-04 21:29:57.000000',0),(213,'天狗','2017-08-04 21:31:22.000000',0),(214,'tacy.lee@gmail.com','2017-08-04 21:31:22.000000',0),(215,'2830020@qq.com','2017-08-04 21:31:22.000000',0),(216,'天狗','2017-08-04 21:31:53.000000',0),(217,'2830020@qq.com','2017-08-04 21:31:53.000000',0),(218,'tacy.lee@gmail.com','2017-08-04 21:31:53.000000',0),(219,'天狗','2017-08-04 21:33:01.000000',0),(220,'天狗','2017-08-04 21:35:36.000000',0),(221,'天狗','2017-08-04 21:46:07.000000',0),(222,'天狗','2017-08-04 23:00:01.000000',1),(223,'天狗','2017-08-07 16:57:51.000000',15),(224,'天狗','2017-08-07 17:31:33.000000',1),(225,'天狗','2017-08-07 17:32:41.000000',0),(226,'天狗','2017-08-07 17:33:08.000000',0),(227,'天狗','2017-08-07 17:49:23.000000',0),(228,'天狗','2017-08-07 22:41:07.000000',1),(229,'tacy.lee@gmail.com','2017-08-07 22:41:07.000000',1),(230,'东京彩虹桥','2017-08-07 22:41:07.000000',159),(231,'天狗','2017-08-07 22:51:07.000000',0),(232,'妈妈宝宝日本馆','2017-08-07 22:51:07.000000',0),(233,'东京彩虹桥','2017-08-07 22:51:13.000000',0),(234,'天狗','2017-08-07 23:46:25.000000',2),(235,'东京彩虹桥','2017-08-07 23:46:25.000000',4),(236,'妈妈宝宝日本馆','2017-08-07 23:46:25.000000',0),(237,'妈妈宝宝日本馆','2017-08-08 11:24:22.000000',0),(238,'天狗','2017-08-08 11:24:22.000000',1),(239,'东京彩虹桥','2017-08-08 11:24:22.000000',24),(240,'天狗','2017-08-08 12:05:53.000000',0),(241,'妈妈宝宝日本馆','2017-08-08 12:05:53.000000',0),(242,'东京彩虹桥','2017-08-08 12:05:53.000000',3),(243,'东京彩虹桥','2017-08-08 16:30:38.000000',24),(244,'妈妈宝宝日本馆','2017-08-08 16:30:38.000000',0),(245,'天狗','2017-08-08 16:30:38.000000',6),(246,'天狗','2017-08-08 17:11:40.000000',0),(247,'东京彩虹桥','2017-08-08 17:11:40.000000',4),(248,'妈妈宝宝日本馆','2017-08-08 17:11:40.000000',0),(249,'妈妈宝宝日本馆','2017-08-08 17:16:42.000000',0),(250,'天狗','2017-08-08 17:16:42.000000',0),(251,'东京彩虹桥','2017-08-08 17:16:42.000000',0),(252,'天狗','2017-08-08 17:17:19.000000',0),(253,'妈妈宝宝日本馆','2017-08-08 17:17:19.000000',0),(254,'东京彩虹桥','2017-08-08 17:17:19.000000',0),(255,'天狗','2017-08-08 17:17:26.000000',0),(256,'东京彩虹桥','2017-08-08 17:17:26.000000',0),(257,'妈妈宝宝日本馆','2017-08-08 17:17:26.000000',0),(258,'天狗','2017-08-08 17:17:45.000000',0),(259,'妈妈宝宝日本馆','2017-08-08 17:17:45.000000',0),(260,'东京彩虹桥','2017-08-08 17:17:45.000000',0),(261,'天狗','2017-08-08 17:18:56.000000',0),(262,'妈妈宝宝日本馆','2017-08-08 17:18:56.000000',0),(263,'东京彩虹桥','2017-08-08 17:18:56.000000',0),(264,'天狗','2017-08-08 17:20:36.000000',0),(265,'东京彩虹桥','2017-08-08 17:20:36.000000',0),(266,'妈妈宝宝日本馆','2017-08-08 17:20:36.000000',0),(267,'天狗','2017-08-08 17:20:50.000000',0),(268,'东京彩虹桥','2017-08-08 17:20:50.000000',0),(269,'妈妈宝宝日本馆','2017-08-08 17:20:50.000000',0),(270,'天狗','2017-08-08 17:21:31.000000',0),(271,'东京彩虹桥','2017-08-08 17:21:31.000000',0),(272,'妈妈宝宝日本馆','2017-08-08 17:21:31.000000',0),(273,'天狗','2017-08-08 17:21:39.000000',0),(274,'东京彩虹桥','2017-08-08 17:21:39.000000',0),(275,'妈妈宝宝日本馆','2017-08-08 17:21:39.000000',0),(276,'天狗','2017-08-08 17:26:04.000000',0),(277,'妈妈宝宝日本馆','2017-08-08 17:26:04.000000',0),(278,'东京彩虹桥','2017-08-08 17:26:04.000000',2),(279,'妈妈宝宝日本馆','2017-08-08 17:31:53.000000',0),(280,'东京彩虹桥','2017-08-08 17:31:53.000000',0),(281,'天狗','2017-08-08 17:31:53.000000',0),(282,'天狗','2017-08-08 17:33:02.000000',0),(283,'东京彩虹桥','2017-08-08 17:33:02.000000',0),(284,'妈妈宝宝日本馆','2017-08-08 17:33:02.000000',0),(285,'天狗','2017-08-08 17:48:02.000000',0),(286,'妈妈宝宝日本馆','2017-08-08 17:48:03.000000',0),(287,'东京彩虹桥','2017-08-08 17:48:02.000000',1),(288,'东京彩虹桥','2017-08-08 18:06:59.000000',3),(289,'天狗','2017-08-08 18:06:59.000000',0),(290,'妈妈宝宝日本馆','2017-08-08 18:06:59.000000',0),(291,'天狗','2017-08-08 18:16:03.000000',0),(292,'妈妈宝宝日本馆','2017-08-08 18:16:03.000000',0),(293,'东京彩虹桥','2017-08-08 18:16:03.000000',0),(294,'天狗','2017-08-08 18:31:03.000000',0),(295,'东京彩虹桥','2017-08-08 18:31:03.000000',0),(296,'妈妈宝宝日本馆','2017-08-08 18:31:03.000000',0),(297,'天狗','2017-08-08 18:46:03.000000',0),(298,'东京彩虹桥','2017-08-08 18:46:03.000000',1),(299,'妈妈宝宝日本馆','2017-08-08 18:46:03.000000',0),(300,'妈妈宝宝日本馆','2017-08-08 19:01:04.000000',0),(301,'东京彩虹桥','2017-08-08 19:01:04.000000',0),(302,'东京彩虹桥','2017-08-08 19:16:04.000000',3),(303,'妈妈宝宝日本馆','2017-08-08 19:16:04.000000',0),(304,'东京彩虹桥','2017-08-08 19:31:04.000000',5),(305,'妈妈宝宝日本馆','2017-08-08 19:31:04.000000',0),(306,'妈妈宝宝日本馆','2017-08-08 19:46:05.000000',0),(307,'东京彩虹桥','2017-08-08 19:46:05.000000',19),(308,'妈妈宝宝日本馆','2017-08-08 20:01:05.000000',0),(309,'东京彩虹桥','2017-08-08 20:01:05.000000',20),(310,'东京彩虹桥','2017-08-08 20:16:05.000000',21),(311,'妈妈宝宝日本馆','2017-08-08 20:16:05.000000',0),(312,'东京彩虹桥','2017-08-08 20:31:05.000000',0),(313,'妈妈宝宝日本馆','2017-08-08 20:31:05.000000',0),(314,'东京彩虹桥','2017-08-08 20:46:06.000000',0),(315,'妈妈宝宝日本馆','2017-08-08 20:46:06.000000',0),(316,'东京彩虹桥','2017-08-08 21:01:06.000000',0),(317,'妈妈宝宝日本馆','2017-08-08 21:01:06.000000',0),(318,'妈妈宝宝日本馆','2017-08-08 21:16:07.000000',0),(319,'东京彩虹桥','2017-08-08 21:16:07.000000',0),(320,'妈妈宝宝日本馆','2017-08-08 21:31:07.000000',0),(321,'东京彩虹桥','2017-08-08 21:31:07.000000',0),(322,'妈妈宝宝日本馆','2017-08-08 21:46:07.000000',0),(323,'东京彩虹桥','2017-08-08 21:46:07.000000',8),(324,'妈妈宝宝日本馆','2017-08-08 22:01:07.000000',0),(325,'东京彩虹桥','2017-08-08 22:01:07.000000',8),(326,'妈妈宝宝日本馆','2017-08-08 22:16:08.000000',0),(327,'东京彩虹桥','2017-08-08 22:16:08.000000',9),(328,'东京彩虹桥','2017-08-08 22:31:08.000000',2),(329,'妈妈宝宝日本馆','2017-08-08 22:31:08.000000',0),(330,'东京彩虹桥','2017-08-08 22:46:10.000000',2),(331,'妈妈宝宝日本馆','2017-08-08 22:46:11.000000',0),(332,'东京彩虹桥','2017-08-08 23:01:10.000000',14),(333,'妈妈宝宝日本馆','2017-08-08 23:01:12.000000',0),(334,'东京彩虹桥','2017-08-08 23:16:10.000000',0),(335,'妈妈宝宝日本馆','2017-08-08 23:16:12.000000',0),(336,'东京彩虹桥','2017-08-08 23:31:11.000000',2),(337,'妈妈宝宝日本馆','2017-08-08 23:31:12.000000',0),(338,'东京彩虹桥','2017-08-08 23:46:11.000000',3),(339,'妈妈宝宝日本馆','2017-08-08 23:46:12.000000',0),(340,'东京彩虹桥','2017-08-09 20:33:48.000000',46),(341,'妈妈宝宝日本馆','2017-08-09 20:33:49.000000',0),(342,'东京彩虹桥','2017-08-09 20:48:49.000000',48),(343,'妈妈宝宝日本馆','2017-08-09 20:48:49.000000',0),(344,'东京彩虹桥','2017-08-09 21:03:48.000000',0),(345,'妈妈宝宝日本馆','2017-08-09 21:03:48.000000',0),(346,'妈妈宝宝日本馆','2017-08-09 21:18:48.000000',0),(347,'东京彩虹桥','2017-08-09 21:18:48.000000',0),(348,'东京彩虹桥','2017-08-09 21:33:49.000000',0),(349,'妈妈宝宝日本馆','2017-08-09 21:33:49.000000',0),(350,'东京彩虹桥','2017-08-09 22:30:50.000000',3),(351,'妈妈宝宝日本馆','2017-08-09 22:30:50.000000',0),(352,'东京彩虹桥','2017-08-09 22:45:51.000000',0),(353,'妈妈宝宝日本馆','2017-08-09 22:45:51.000000',0),(354,'妈妈宝宝日本馆','2017-08-09 23:00:52.000000',0),(355,'东京彩虹桥','2017-08-09 23:00:52.000000',0),(356,'妈妈宝宝日本馆','2017-08-09 23:15:52.000000',0),(357,'东京彩虹桥','2017-08-09 23:15:52.000000',1);
/*!40000 ALTER TABLE `stock_exportorderlog` ENABLE KEYS */;
UNLOCK TABLES;

--
-- Table structure for table `stock_inventory`
--

DROP TABLE IF EXISTS `stock_inventory`;
/*!40101 SET @saved_cs_client     = @@character_set_client */;
/*!40101 SET character_set_client = utf8 */;
CREATE TABLE `stock_inventory` (
  `id` int(11) NOT NULL AUTO_INCREMENT,
  `name` varchar(8) NOT NULL,
  `address` varchar(255) NOT NULL,
  `phone` varchar(255) NOT NULL,
  PRIMARY KEY (`id`),
  UNIQUE KEY `name` (`name`)
) ENGINE=InnoDB AUTO_INCREMENT=5 DEFAULT CHARSET=utf8;
/*!40101 SET character_set_client = @saved_cs_client */;

--
-- Dumping data for table `stock_inventory`
--

LOCK TABLES `stock_inventory` WRITE;
/*!40000 ALTER TABLE `stock_inventory` DISABLE KEYS */;
INSERT INTO `stock_inventory` VALUES (1,'贝海','东京','11111111'),(2,'UEX','tokyo','2222222'),(3,'广州','广州佛山','2029302'),(4,'东京','自己仓','00000000');
/*!40000 ALTER TABLE `stock_inventory` ENABLE KEYS */;
UNLOCK TABLES;

--
-- Table structure for table `stock_shipping`
--

DROP TABLE IF EXISTS `stock_shipping`;
/*!40101 SET @saved_cs_client     = @@character_set_client */;
/*!40101 SET character_set_client = utf8 */;
CREATE TABLE `stock_shipping` (
  `id` int(11) NOT NULL AUTO_INCREMENT,
  `name` varchar(16) NOT NULL,
  `inventory_id` int(11) NOT NULL,
  `delivery_company` varchar(4) DEFAULT NULL,
  `tiangou_company` varchar(4),
  PRIMARY KEY (`id`),
  KEY `stock_shipping_inventory_id_4fdaebf4` (`inventory_id`),
  CONSTRAINT `stock_shipping_inventory_id_4fdaebf4_fk_stock_inventory_id` FOREIGN KEY (`inventory_id`) REFERENCES `stock_inventory` (`id`)
) ENGINE=InnoDB AUTO_INCREMENT=15 DEFAULT CHARSET=utf8;
/*!40101 SET character_set_client = @saved_cs_client */;

--
-- Dumping data for table `stock_shipping`
--

LOCK TABLES `stock_shipping` WRITE;
/*!40000 ALTER TABLE `stock_shipping` DISABLE KEYS */;
INSERT INTO `stock_shipping` VALUES (1,'虚仓电商',1,'Y068','735'),(2,'直邮电商',1,'Y068','735'),(4,'UEX包税',2,'Y139','767'),(5,'拼邮',3,'Y048','767'),(6,'直邮电商',4,'Y068','735'),(8,'EMS',4,'Y048','742'),(9,'EPACK',4,'Y048','742'),(10,'SAL',4,'Y048','742'),(11,'船运',4,'Y048','742'),(14,'UEX电商',2,'Y139','767');
/*!40000 ALTER TABLE `stock_shipping` ENABLE KEYS */;
UNLOCK TABLES;
/*!50112 SET @disable_bulk_load = IF (@is_rocksdb_supported, 'SET SESSION rocksdb_bulk_load = @old_rocksdb_bulk_load', 'SET @dummy_rocksdb_bulk_load = 0') */;
/*!50112 PREPARE s FROM @disable_bulk_load */;
/*!50112 EXECUTE s */;
/*!50112 DEALLOCATE PREPARE s */;
/*!40103 SET TIME_ZONE=@OLD_TIME_ZONE */;

/*!40101 SET SQL_MODE=@OLD_SQL_MODE */;
/*!40014 SET FOREIGN_KEY_CHECKS=@OLD_FOREIGN_KEY_CHECKS */;
/*!40014 SET UNIQUE_CHECKS=@OLD_UNIQUE_CHECKS */;
/*!40101 SET CHARACTER_SET_CLIENT=@OLD_CHARACTER_SET_CLIENT */;
/*!40101 SET CHARACTER_SET_RESULTS=@OLD_CHARACTER_SET_RESULTS */;
/*!40101 SET COLLATION_CONNECTION=@OLD_COLLATION_CONNECTION */;
/*!40111 SET SQL_NOTES=@OLD_SQL_NOTES */;

-- Dump completed on 2017-08-20 20:26:58
